path,kind,extension,size_bytes,size_mb,is_large
STEP10_FSI_DRIVER_REPORT.md,reports,.md,8019,0.007647514343261719,False
STEP11_WRITING_MODULE_REPORT.md,reports,.md,4045,0.0038576126098632812,False
STEP12_PERFORMANCE_MEMORY_REPORT.md,reports,.md,6226,0.0059375762939453125,False
STEP1_BASELINE_REPORT.md,reports,.md,5859,0.005587577819824219,False
STEP2_LBM_REFACTOR_REPORT.md,reports,.md,6160,0.0058746337890625,False
STEP3_MPM_SOLID_REPORT.md,reports,.md,6645,0.006337165832519531,False
STEP4_UNITS_GRID_TIMESTEP_REPORT.md,reports,.md,6068,0.005786895751953125,False
STEP5_MPM_TO_LBM_PROJECTION_REPORT.md,reports,.md,8256,0.00787353515625,False
STEP6_PENALTY_COUPLING_REPORT.md,reports,.md,8417,0.008027076721191406,False
STEP7_FSI_VALIDATION_REPORT.md,reports,.md,9200,0.0087738037109375,False
STEP8_MOVING_BOUNCEBACK_REPORT.md,reports,.md,6395,0.006098747253417969,False
STEP9_MOVING_BOUNDARY_REACTION_REPORT.md,reports,.md,7647,0.007292747497558594,False
configs/README.md,configs,.md,1775,0.0016927719116210938,False
configs/step10_mode_matrix.json,configs,.json,185,0.00017642974853515625,False
configs/step10_moving_boundary_default.json,configs,.json,295,0.00028133392333984375,False
configs/step10_penalty_default.json,configs,.json,250,0.0002384185791015625,False
configs/step12_profile_moving_boundary.json,configs,.json,390,0.0003719329833984375,False
configs/step12_profile_none.json,configs,.json,286,0.0002727508544921875,False
configs/step12_profile_penalty.json,configs,.json,345,0.00032901763916015625,False
configs/step13_box_geometry.json,configs,.json,118,0.0001125335693359375,False
configs/step13_ellipsoid_geometry.json,configs,.json,128,0.0001220703125,False
configs/step13_squid_proxy_geometry.json,configs,.json,277,0.00026416778564453125,False
configs/step13_squid_proxy_moving_boundary.json,configs,.json,463,0.00044155120849609375,False
configs/step13_squid_proxy_none.json,configs,.json,359,0.00034236907958984375,False
configs/step13_squid_proxy_penalty.json,configs,.json,418,0.0003986358642578125,False
docs/00_project_status.md,docs,.md,1660,0.001583099365234375,False
docs/01_architecture.md,docs,.md,2694,0.0025691986083984375,False
docs/02_numerical_methods.md,docs,.md,2741,0.0026140213012695312,False
docs/03_units_grid_timestep.md,docs,.md,1660,0.001583099365234375,False
docs/04_fsi_modes.md,docs,.md,1893,0.0018053054809570312,False
docs/05_running_baselines.md,docs,.md,1964,0.001873016357421875,False
docs/06_results_summary.md,docs,.md,2043,0.0019483566284179688,False
docs/07_limitations.md,docs,.md,1157,0.0011034011840820312,False
docs/08_roadmap.md,docs,.md,1273,0.0012140274047851562,False
docs/09_api_reference.md,docs,.md,4305,0.004105567932128906,False
docs/10_performance_memory.md,docs,.md,2685,0.0025606155395507812,False
docs/11_artifact_policy.md,docs,.md,1159,0.0011053085327148438,False
logs/check_taichi_backend.log,logs,.log,934,0.0008907318115234375,False
logs/lbm_poiseuille_baseline.log,logs,.log,14168,0.01351165771484375,False
logs/lbm_smoke_baseline.log,logs,.log,12388,0.011814117431640625,False
logs/mpm3d_baseline.log,logs,.log,1430,0.0013637542724609375,False
logs/step10_driver_moving_boundary.log,logs,.log,1728,0.00164794921875,False
logs/step10_driver_penalty.log,logs,.log,1500,0.001430511474609375,False
logs/step10_mode_matrix.log,logs,.log,3092,0.002948760986328125,False
logs/step10_performance_profile.log,logs,.log,2212,0.002109527587890625,False
logs/step11_pytest.log,logs,.log,104,9.918212890625e-05,False
logs/step12_artifact_manifest.log,logs,.log,433,0.00041294097900390625,False
logs/step12_memory_estimate.log,logs,.log,966,0.0009212493896484375,False
logs/step12_no_physics_regression.log,logs,.log,7524,0.007175445556640625,False
logs/step12_profile_matrix.log,logs,.log,7597,0.007245063781738281,False
logs/step12_pytest.log,logs,.log,104,9.918212890625e-05,False
logs/step13_geometry_box.log,logs,.log,6588,0.006282806396484375,False
logs/step13_geometry_ellipsoid.log,logs,.log,6648,0.00634002685546875,False
logs/step13_squid_proxy_geometry.log,logs,.log,6599,0.006293296813964844,False
logs/step13_squid_proxy_modes.log,logs,.log,7747,0.007388114929199219,False
logs/step2_lbm_refactor_dynamic_solid.log,logs,.log,6138,0.0058536529541015625,False
logs/step2_lbm_refactor_force.log,logs,.log,6850,0.0065326690673828125,False
logs/step2_lbm_refactor_poiseuille.log,logs,.log,6588,0.006282806396484375,False
logs/step2_lbm_refactor_smoke.log,logs,.log,6185,0.005898475646972656,False
logs/step3_mpm_elastic_block.log,logs,.log,1431,0.0013647079467773438,False
logs/step3_mpm_falling_block.log,logs,.log,1920,0.0018310546875,False
logs/step3_mpm_rest_block.log,logs,.log,1886,0.0017986297607421875,False
logs/step4_shared_domain.log,logs,.log,5860,0.005588531494140625,False
logs/step4_time_sync_dummy.log,logs,.log,6576,0.0062713623046875,False
logs/step4_units_consistency.log,logs,.log,732,0.000698089599609375,False
logs/step5_dynamic_solid_mask.log,logs,.log,5718,0.0054531097412109375,False
logs/step5_projection_motion.log,logs,.log,5967,0.005690574645996094,False
logs/step5_projection_moving.log,logs,.log,5932,0.005657196044921875,False
logs/step5_projection_static.log,logs,.log,5846,0.0055751800537109375,False
logs/step6_coupled_smoke.log,logs,.log,7561,0.007210731506347656,False
logs/step6_lbm_response.log,logs,.log,6987,0.006663322448730469,False
logs/step6_penalty_force_field.log,logs,.log,5917,0.005642890930175781,False
logs/step6_two_way_reaction.log,logs,.log,6780,0.006465911865234375,False
logs/step7_beta_sweep.log,logs,.log,7186,0.0068531036376953125,False
logs/step7_couette_like.log,logs,.log,7174,0.0068416595458984375,False
logs/step7_long_stability.log,logs,.log,8850,0.008440017700195312,False
logs/step7_momentum_impulse.log,logs,.log,7073,0.006745338439941406,False
logs/step8_momentum_exchange.log,logs,.log,4172,0.003978729248046875,False
logs/step8_prescribed_moving_wall.log,logs,.log,3024,0.0028839111328125,False
logs/step8_projected_mpm_boundary.log,logs,.log,4784,0.0045623779296875,False
logs/step8_static_bounceback_regression.log,logs,.log,3206,0.0030574798583984375,False
logs/step9_compare_modes.log,logs,.log,6858,0.0065402984619140625,False
logs/step9_mb_coupled_smoke.log,logs,.log,5920,0.005645751953125,False
logs/step9_mb_reaction_field.log,logs,.log,1644,0.001567840576171875,False
logs/step9_mb_two_way_reaction.log,logs,.log,3876,0.003696441650390625,False
outputs/lbm_poiseuille/LB_SingelPhase_1000.vtr,outputs,.vtr,558837,0.5329484939575195,False
outputs/lbm_poiseuille/geo_poiseuille_32.dat,outputs,.dat,98304,0.09375,False
outputs/lbm_refactored_dynamic_solid/LBMFluid_dynamic_off_1.vtr,outputs,.vtr,2099810,2.002534866333008,False
outputs/lbm_refactored_dynamic_solid/LBMFluid_dynamic_on_0.vtr,outputs,.vtr,2099810,2.002534866333008,False
outputs/lbm_refactored_dynamic_solid/geo_dynamic_solid_32.dat,outputs,.dat,98304,0.09375,False
outputs/lbm_refactored_force/LBMFluid_1000.vtr,outputs,.vtr,2099810,2.002534866333008,False
outputs/lbm_refactored_force/geo_force_32.dat,outputs,.dat,98304,0.09375,False
outputs/lbm_refactored_poiseuille/LBMFluid_1000.vtr,outputs,.vtr,2099810,2.002534866333008,False
outputs/lbm_refactored_poiseuille/geo_poiseuille_32.dat,outputs,.dat,98304,0.09375,False
outputs/lbm_refactored_smoke/LBMFluid_500.vtr,outputs,.vtr,2099810,2.002534866333008,False
outputs/lbm_refactored_smoke/geo_smoke_32.dat,outputs,.dat,98304,0.09375,False
outputs/lbm_smoke/LB_SingelPhase_500.vtr,outputs,.vtr,558837,0.5329484939575195,False
outputs/lbm_smoke/geo_smoke_32.dat,outputs,.dat,98304,0.09375,False
outputs/mpm3d/mpm3d_positions.npy,outputs,.npy,98432,0.0938720703125,False
outputs/mpm_elastic_block/particles_F.npy,outputs,.npy,147584,0.1407470703125,False
outputs/mpm_elastic_block/particles_J.npy,outputs,.npy,16512,0.0157470703125,False
outputs/mpm_elastic_block/particles_v.npy,outputs,.npy,49280,0.0469970703125,False
outputs/mpm_elastic_block/particles_x.npy,outputs,.npy,49280,0.0469970703125,False
outputs/mpm_falling_block/particles_F.npy,outputs,.npy,147584,0.1407470703125,False
outputs/mpm_falling_block/particles_J.npy,outputs,.npy,16512,0.0157470703125,False
outputs/mpm_falling_block/particles_v.npy,outputs,.npy,49280,0.0469970703125,False
outputs/mpm_falling_block/particles_x.npy,outputs,.npy,49280,0.0469970703125,False
outputs/mpm_rest_block/particles_F.npy,outputs,.npy,147584,0.1407470703125,False
outputs/mpm_rest_block/particles_J.npy,outputs,.npy,16512,0.0157470703125,False
outputs/mpm_rest_block/particles_v.npy,outputs,.npy,49280,0.0469970703125,False
outputs/mpm_rest_block/particles_x.npy,outputs,.npy,49280,0.0469970703125,False
outputs/step10_driver_moving_boundary/LBMFluid_20.vtr,outputs,.vtr,2099810,2.002534866333008,False
outputs/step10_driver_moving_boundary/diagnostics_timeseries.csv,outputs,.csv,1130,0.0010776519775390625,False
outputs/step10_driver_moving_boundary/diagnostics_timeseries.npz,outputs,.npz,8964,0.008548736572265625,False
outputs/step10_driver_moving_boundary/driver_config.json,outputs,.json,610,0.0005817413330078125,False
outputs/step10_driver_moving_boundary/geo_all_fluid_32.dat,outputs,.dat,98304,0.09375,False
outputs/step10_driver_moving_boundary/particles_F.npy,outputs,.npy,147584,0.1407470703125,False
outputs/step10_driver_moving_boundary/particles_J.npy,outputs,.npy,16512,0.0157470703125,False
outputs/step10_driver_moving_boundary/particles_v.npy,outputs,.npy,49280,0.0469970703125,False
outputs/step10_driver_moving_boundary/particles_x.npy,outputs,.npy,49280,0.0469970703125,False
outputs/step10_driver_penalty/LBMFluid_20.vtr,outputs,.vtr,2099810,2.002534866333008,False
outputs/step10_driver_penalty/diagnostics_timeseries.csv,outputs,.csv,1108,0.001056671142578125,False
outputs/step10_driver_penalty/diagnostics_timeseries.npz,outputs,.npz,8868,0.008457183837890625,False
outputs/step10_driver_penalty/driver_config.json,outputs,.json,602,0.0005741119384765625,False
outputs/step10_driver_penalty/geo_all_fluid_32.dat,outputs,.dat,98304,0.09375,False
outputs/step10_driver_penalty/particles_F.npy,outputs,.npy,147584,0.1407470703125,False
outputs/step10_driver_penalty/particles_J.npy,outputs,.npy,16512,0.0157470703125,False
outputs/step10_driver_penalty/particles_v.npy,outputs,.npy,49280,0.0469970703125,False
outputs/step10_driver_penalty/particles_x.npy,outputs,.npy,49280,0.0469970703125,False
outputs/step10_mode_matrix/mode_matrix_results.csv,outputs,.csv,871,0.0008306503295898438,False
outputs/step10_mode_matrix/mode_matrix_results.npz,outputs,.npz,3042,0.0029010772705078125,False
outputs/step10_mode_matrix/moving_boundary/LBMFluid_20.vtr,outputs,.vtr,2099810,2.002534866333008,False
outputs/step10_mode_matrix/moving_boundary/diagnostics_timeseries.csv,outputs,.csv,1131,0.0010786056518554688,False
outputs/step10_mode_matrix/moving_boundary/diagnostics_timeseries.npz,outputs,.npz,8964,0.008548736572265625,False
outputs/step10_mode_matrix/moving_boundary/driver_config.json,outputs,.json,610,0.0005817413330078125,False
outputs/step10_mode_matrix/moving_boundary/geo_all_fluid_32.dat,outputs,.dat,98304,0.09375,False
outputs/step10_mode_matrix/moving_boundary/particles_F.npy,outputs,.npy,147584,0.1407470703125,False
outputs/step10_mode_matrix/moving_boundary/particles_J.npy,outputs,.npy,16512,0.0157470703125,False
outputs/step10_mode_matrix/moving_boundary/particles_v.npy,outputs,.npy,49280,0.0469970703125,False
outputs/step10_mode_matrix/moving_boundary/particles_x.npy,outputs,.npy,49280,0.0469970703125,False
outputs/step10_mode_matrix/none/LBMFluid_20.vtr,outputs,.vtr,2099810,2.002534866333008,False
outputs/step10_mode_matrix/none/diagnostics_timeseries.csv,outputs,.csv,843,0.0008039474487304688,False
outputs/step10_mode_matrix/none/diagnostics_timeseries.npz,outputs,.npz,8832,0.0084228515625,False
outputs/step10_mode_matrix/none/driver_config.json,outputs,.json,599,0.0005712509155273438,False
outputs/step10_mode_matrix/none/geo_all_fluid_32.dat,outputs,.dat,98304,0.09375,False
outputs/step10_mode_matrix/none/particles_F.npy,outputs,.npy,147584,0.1407470703125,False
outputs/step10_mode_matrix/none/particles_J.npy,outputs,.npy,16512,0.0157470703125,False
outputs/step10_mode_matrix/none/particles_v.npy,outputs,.npy,49280,0.0469970703125,False
outputs/step10_mode_matrix/none/particles_x.npy,outputs,.npy,49280,0.0469970703125,False
outputs/step10_mode_matrix/penalty/LBMFluid_20.vtr,outputs,.vtr,2099810,2.002534866333008,False
outputs/step10_mode_matrix/penalty/diagnostics_timeseries.csv,outputs,.csv,1103,0.0010519027709960938,False
outputs/step10_mode_matrix/penalty/diagnostics_timeseries.npz,outputs,.npz,8868,0.008457183837890625,False
outputs/step10_mode_matrix/penalty/driver_config.json,outputs,.json,602,0.0005741119384765625,False
outputs/step10_mode_matrix/penalty/geo_all_fluid_32.dat,outputs,.dat,98304,0.09375,False
outputs/step10_mode_matrix/penalty/particles_F.npy,outputs,.npy,147584,0.1407470703125,False
outputs/step10_mode_matrix/penalty/particles_J.npy,outputs,.npy,16512,0.0157470703125,False
outputs/step10_mode_matrix/penalty/particles_v.npy,outputs,.npy,49280,0.0469970703125,False
outputs/step10_mode_matrix/penalty/particles_x.npy,outputs,.npy,49280,0.0469970703125,False
outputs/step10_performance_profile/moving_boundary/diagnostics_timeseries.csv,outputs,.csv,800,0.000762939453125,False
outputs/step10_performance_profile/moving_boundary/diagnostics_timeseries.npz,outputs,.npz,8744,0.00833892822265625,False
outputs/step10_performance_profile/moving_boundary/driver_config.json,outputs,.json,612,0.000583648681640625,False
outputs/step10_performance_profile/moving_boundary/geo_all_fluid_32.dat,outputs,.dat,98304,0.09375,False
outputs/step10_performance_profile/none/diagnostics_timeseries.csv,outputs,.csv,652,0.000621795654296875,False
outputs/step10_performance_profile/none/diagnostics_timeseries.npz,outputs,.npz,8656,0.0082550048828125,False
outputs/step10_performance_profile/none/driver_config.json,outputs,.json,601,0.0005731582641601562,False
outputs/step10_performance_profile/none/geo_all_fluid_32.dat,outputs,.dat,98304,0.09375,False
outputs/step10_performance_profile/penalty/diagnostics_timeseries.csv,outputs,.csv,785,0.0007486343383789062,False
outputs/step10_performance_profile/penalty/diagnostics_timeseries.npz,outputs,.npz,8680,0.00827789306640625,False
outputs/step10_performance_profile/penalty/driver_config.json,outputs,.json,604,0.000576019287109375,False
outputs/step10_performance_profile/penalty/geo_all_fluid_32.dat,outputs,.dat,98304,0.09375,False
outputs/step10_performance_profile/performance_results.csv,outputs,.csv,589,0.0005617141723632812,False
outputs/step10_performance_profile/performance_results.npz,outputs,.npz,1698,0.0016193389892578125,False
outputs/step12_artifact_manifest/artifact_manifest.csv,outputs,.csv,28778,0.027444839477539062,False
outputs/step12_artifact_manifest/artifact_summary.json,outputs,.json,322,0.0003070831298828125,False
outputs/step12_memory_estimate/memory_estimate.csv,outputs,.csv,328,0.00031280517578125,False
outputs/step12_memory_estimate/memory_estimate.npz,outputs,.npz,1564,0.001491546630859375,False
outputs/step12_no_physics_regression/moving_boundary/diagnostics_timeseries.csv,outputs,.csv,800,0.000762939453125,False
outputs/step12_no_physics_regression/moving_boundary/diagnostics_timeseries.npz,outputs,.npz,8744,0.00833892822265625,False
outputs/step12_no_physics_regression/moving_boundary/driver_config.json,outputs,.json,612,0.000583648681640625,False
outputs/step12_no_physics_regression/moving_boundary/geo_all_fluid_32.dat,outputs,.dat,98304,0.09375,False
outputs/step12_no_physics_regression/no_physics_regression.csv,outputs,.csv,595,0.0005674362182617188,False
outputs/step12_no_physics_regression/no_physics_regression.npz,outputs,.npz,2202,0.0020999908447265625,False
outputs/step12_no_physics_regression/none/diagnostics_timeseries.csv,outputs,.csv,651,0.0006208419799804688,False
outputs/step12_no_physics_regression/none/diagnostics_timeseries.npz,outputs,.npz,8656,0.0082550048828125,False
outputs/step12_no_physics_regression/none/driver_config.json,outputs,.json,601,0.0005731582641601562,False
outputs/step12_no_physics_regression/none/geo_all_fluid_32.dat,outputs,.dat,98304,0.09375,False
outputs/step12_no_physics_regression/penalty/diagnostics_timeseries.csv,outputs,.csv,783,0.0007467269897460938,False
outputs/step12_no_physics_regression/penalty/diagnostics_timeseries.npz,outputs,.npz,8680,0.00827789306640625,False
outputs/step12_no_physics_regression/penalty/driver_config.json,outputs,.json,604,0.000576019287109375,False
outputs/step12_no_physics_regression/penalty/geo_all_fluid_32.dat,outputs,.dat,98304,0.09375,False
outputs/step12_profile_matrix/moving_boundary/diagnostics_timeseries.csv,outputs,.csv,796,0.000759124755859375,False
outputs/step12_profile_matrix/moving_boundary/diagnostics_timeseries.npz,outputs,.npz,8744,0.00833892822265625,False
outputs/step12_profile_matrix/moving_boundary/driver_config.json,outputs,.json,612,0.000583648681640625,False
outputs/step12_profile_matrix/moving_boundary/geo_all_fluid_32.dat,outputs,.dat,98304,0.09375,False
outputs/step12_profile_matrix/none/diagnostics_timeseries.csv,outputs,.csv,651,0.0006208419799804688,False
outputs/step12_profile_matrix/none/diagnostics_timeseries.npz,outputs,.npz,8656,0.0082550048828125,False
outputs/step12_profile_matrix/none/driver_config.json,outputs,.json,601,0.0005731582641601562,False
outputs/step12_profile_matrix/none/geo_all_fluid_32.dat,outputs,.dat,98304,0.09375,False
outputs/step12_profile_matrix/penalty/diagnostics_timeseries.csv,outputs,.csv,782,0.0007457733154296875,False
outputs/step12_profile_matrix/penalty/diagnostics_timeseries.npz,outputs,.npz,8680,0.00827789306640625,False
outputs/step12_profile_matrix/penalty/driver_config.json,outputs,.json,604,0.000576019287109375,False
outputs/step12_profile_matrix/penalty/geo_all_fluid_32.dat,outputs,.dat,98304,0.09375,False
outputs/step12_profile_matrix/profile_matrix.csv,outputs,.csv,950,0.0009059906005859375,False
outputs/step12_profile_matrix/profile_matrix.npz,outputs,.npz,2314,0.0022068023681640625,False
outputs/step13_geometry_box/geo_all_fluid_32.dat,outputs,.dat,98304,0.09375,False
outputs/step13_geometry_box/geometry_stats.json,outputs,.json,849,0.0008096694946289062,False
outputs/step13_geometry_box/particles_mass.npy,outputs,.npy,16512,0.0157470703125,False
outputs/step13_geometry_box/particles_vol0.npy,outputs,.npy,16512,0.0157470703125,False
outputs/step13_geometry_box/particles_x.npy,outputs,.npy,49280,0.0469970703125,False
outputs/step13_geometry_box/solid_phi.npy,outputs,.npy,131200,0.1251220703125,False
outputs/step13_geometry_ellipsoid/geo_all_fluid_32.dat,outputs,.dat,98304,0.09375,False
outputs/step13_geometry_ellipsoid/geometry_occupancy.npy,outputs,.npy,32896,0.0313720703125,False
outputs/step13_geometry_ellipsoid/geometry_stats.json,outputs,.json,928,0.000885009765625,False
outputs/step13_geometry_ellipsoid/particles_mass.npy,outputs,.npy,16512,0.0157470703125,False
outputs/step13_geometry_ellipsoid/particles_vol0.npy,outputs,.npy,16512,0.0157470703125,False
outputs/step13_geometry_ellipsoid/particles_x.npy,outputs,.npy,49280,0.0469970703125,False
outputs/step13_geometry_ellipsoid/solid_phi.npy,outputs,.npy,131200,0.1251220703125,False
outputs/step13_squid_proxy_geometry/geo_all_fluid_32.dat,outputs,.dat,98304,0.09375,False
outputs/step13_squid_proxy_geometry/geometry_occupancy.npy,outputs,.npy,32896,0.0313720703125,False
outputs/step13_squid_proxy_geometry/geometry_stats.json,outputs,.json,1215,0.0011587142944335938,False
outputs/step13_squid_proxy_geometry/particles_mass.npy,outputs,.npy,16512,0.0157470703125,False
outputs/step13_squid_proxy_geometry/particles_vol0.npy,outputs,.npy,16512,0.0157470703125,False
outputs/step13_squid_proxy_geometry/particles_x.npy,outputs,.npy,49280,0.0469970703125,False
outputs/step13_squid_proxy_geometry/solid_phi.npy,outputs,.npy,131200,0.1251220703125,False
outputs/step13_squid_proxy_modes/mode_results.csv,outputs,.csv,748,0.000713348388671875,False
outputs/step13_squid_proxy_modes/mode_results.npz,outputs,.npz,2898,0.0027637481689453125,False
outputs/step13_squid_proxy_modes/moving_boundary/diagnostics_timeseries.csv,outputs,.csv,804,0.000766754150390625,False
outputs/step13_squid_proxy_modes/moving_boundary/diagnostics_timeseries.npz,outputs,.npz,8744,0.00833892822265625,False
outputs/step13_squid_proxy_modes/moving_boundary/driver_config.json,outputs,.json,717,0.0006837844848632812,False
outputs/step13_squid_proxy_modes/moving_boundary/geo_all_fluid_32.dat,outputs,.dat,98304,0.09375,False
outputs/step13_squid_proxy_modes/moving_boundary/particles_F.npy,outputs,.npy,147584,0.1407470703125,False
outputs/step13_squid_proxy_modes/moving_boundary/particles_J.npy,outputs,.npy,16512,0.0157470703125,False
outputs/step13_squid_proxy_modes/moving_boundary/particles_v.npy,outputs,.npy,49280,0.0469970703125,False
outputs/step13_squid_proxy_modes/moving_boundary/particles_x.npy,outputs,.npy,49280,0.0469970703125,False
outputs/step13_squid_proxy_modes/none/diagnostics_timeseries.csv,outputs,.csv,653,0.0006227493286132812,False
outputs/step13_squid_proxy_modes/none/diagnostics_timeseries.npz,outputs,.npz,8656,0.0082550048828125,False
outputs/step13_squid_proxy_modes/none/driver_config.json,outputs,.json,706,0.0006732940673828125,False
outputs/step13_squid_proxy_modes/none/geo_all_fluid_32.dat,outputs,.dat,98304,0.09375,False
outputs/step13_squid_proxy_modes/none/particles_F.npy,outputs,.npy,147584,0.1407470703125,False
outputs/step13_squid_proxy_modes/none/particles_J.npy,outputs,.npy,16512,0.0157470703125,False
outputs/step13_squid_proxy_modes/none/particles_v.npy,outputs,.npy,49280,0.0469970703125,False
outputs/step13_squid_proxy_modes/none/particles_x.npy,outputs,.npy,49280,0.0469970703125,False
outputs/step13_squid_proxy_modes/penalty/diagnostics_timeseries.csv,outputs,.csv,785,0.0007486343383789062,False
outputs/step13_squid_proxy_modes/penalty/diagnostics_timeseries.npz,outputs,.npz,8680,0.00827789306640625,False
outputs/step13_squid_proxy_modes/penalty/driver_config.json,outputs,.json,709,0.0006761550903320312,False
outputs/step13_squid_proxy_modes/penalty/geo_all_fluid_32.dat,outputs,.dat,98304,0.09375,False
outputs/step13_squid_proxy_modes/penalty/particles_F.npy,outputs,.npy,147584,0.1407470703125,False
outputs/step13_squid_proxy_modes/penalty/particles_J.npy,outputs,.npy,16512,0.0157470703125,False
outputs/step13_squid_proxy_modes/penalty/particles_v.npy,outputs,.npy,49280,0.0469970703125,False
outputs/step13_squid_proxy_modes/penalty/particles_x.npy,outputs,.npy,49280,0.0469970703125,False
outputs/step4_shared_domain/geo_shared_domain_32.dat,outputs,.dat,98304,0.09375,False
outputs/step4_shared_domain/particle_lbm_indices.npy,outputs,.npy,49280,0.0469970703125,False
outputs/step4_shared_domain/particles_x.npy,outputs,.npy,49280,0.0469970703125,False
outputs/step4_time_sync_dummy/LBMFluid_20.vtr,outputs,.vtr,2099810,2.002534866333008,False
outputs/step4_time_sync_dummy/geo_time_sync_32.dat,outputs,.dat,98304,0.09375,False
outputs/step4_time_sync_dummy/particles_F.npy,outputs,.npy,147584,0.1407470703125,False
outputs/step4_time_sync_dummy/particles_J.npy,outputs,.npy,16512,0.0157470703125,False
outputs/step4_time_sync_dummy/particles_v.npy,outputs,.npy,49280,0.0469970703125,False
outputs/step4_time_sync_dummy/particles_x.npy,outputs,.npy,49280,0.0469970703125,False
outputs/step5_dynamic_solid_mask/LBMProjection_mask_off.vtr,outputs,.vtr,2099810,2.002534866333008,False
outputs/step5_dynamic_solid_mask/LBMProjection_mask_on.vtr,outputs,.vtr,2099810,2.002534866333008,False
outputs/step5_dynamic_solid_mask/geo_mask_32.dat,outputs,.dat,98304,0.09375,False
outputs/step5_dynamic_solid_mask/solid_off.npy,outputs,.npy,32896,0.0313720703125,False
outputs/step5_dynamic_solid_mask/solid_on.npy,outputs,.npy,32896,0.0313720703125,False
outputs/step5_projection_motion/LBMProjection_0.vtr,outputs,.vtr,2099810,2.002534866333008,False
outputs/step5_projection_motion/LBMProjection_1.vtr,outputs,.vtr,2099810,2.002534866333008,False
outputs/step5_projection_motion/geo_motion_32.dat,outputs,.dat,98304,0.09375,False
outputs/step5_projection_motion/solid_mass_0.npy,outputs,.npy,131200,0.1251220703125,False
outputs/step5_projection_motion/solid_mass_1.npy,outputs,.npy,131200,0.1251220703125,False
outputs/step5_projection_motion/solid_phi_0.npy,outputs,.npy,131200,0.1251220703125,False
outputs/step5_projection_motion/solid_phi_1.npy,outputs,.npy,131200,0.1251220703125,False
outputs/step5_projection_motion/solid_vel_0.npy,outputs,.npy,393344,0.3751220703125,False
outputs/step5_projection_motion/solid_vel_1.npy,outputs,.npy,393344,0.3751220703125,False
outputs/step5_projection_moving/LBMProjection_0.vtr,outputs,.vtr,2099810,2.002534866333008,False
outputs/step5_projection_moving/geo_moving_32.dat,outputs,.dat,98304,0.09375,False
outputs/step5_projection_moving/particles_x.npy,outputs,.npy,49280,0.0469970703125,False
outputs/step5_projection_moving/solid_mass.npy,outputs,.npy,131200,0.1251220703125,False
outputs/step5_projection_moving/solid_phi.npy,outputs,.npy,131200,0.1251220703125,False
outputs/step5_projection_moving/solid_vel.npy,outputs,.npy,393344,0.3751220703125,False
outputs/step5_projection_static/LBMProjection_0.vtr,outputs,.vtr,2099810,2.002534866333008,False
outputs/step5_projection_static/geo_static_32.dat,outputs,.dat,98304,0.09375,False
outputs/step5_projection_static/particles_x.npy,outputs,.npy,49280,0.0469970703125,False
outputs/step5_projection_static/solid_mass.npy,outputs,.npy,131200,0.1251220703125,False
outputs/step5_projection_static/solid_phi.npy,outputs,.npy,131200,0.1251220703125,False
outputs/step5_projection_static/solid_vel.npy,outputs,.npy,393344,0.3751220703125,False
outputs/step6_coupled_smoke/LBMFluid_20.vtr,outputs,.vtr,2099810,2.002534866333008,False
outputs/step6_coupled_smoke/cell_force.npy,outputs,.npy,393344,0.3751220703125,False
outputs/step6_coupled_smoke/geo_coupled_smoke_32.dat,outputs,.dat,98304,0.09375,False
outputs/step6_coupled_smoke/hydro_force.npy,outputs,.npy,393344,0.3751220703125,False
outputs/step6_coupled_smoke/particles_F.npy,outputs,.npy,147584,0.1407470703125,False
outputs/step6_coupled_smoke/particles_J.npy,outputs,.npy,16512,0.0157470703125,False
outputs/step6_coupled_smoke/particles_v.npy,outputs,.npy,49280,0.0469970703125,False
outputs/step6_coupled_smoke/particles_x.npy,outputs,.npy,49280,0.0469970703125,False
outputs/step6_lbm_response/LBMFluid_100.vtr,outputs,.vtr,2099810,2.002534866333008,False
outputs/step6_lbm_response/cell_force.npy,outputs,.npy,393344,0.3751220703125,False
outputs/step6_lbm_response/geo_lbm_response_32.dat,outputs,.dat,98304,0.09375,False
outputs/step6_lbm_response/hydro_force.npy,outputs,.npy,393344,0.3751220703125,False
outputs/step6_penalty_force_field/LBMForce_0.vtr,outputs,.vtr,2099810,2.002534866333008,False
outputs/step6_penalty_force_field/cell_force.npy,outputs,.npy,393344,0.3751220703125,False
outputs/step6_penalty_force_field/geo_force_32.dat,outputs,.dat,98304,0.09375,False
outputs/step6_penalty_force_field/hydro_force.npy,outputs,.npy,393344,0.3751220703125,False
outputs/step6_two_way_reaction/geo_reaction_32.dat,outputs,.dat,98304,0.09375,False
outputs/step6_two_way_reaction/particles_F.npy,outputs,.npy,147584,0.1407470703125,False
outputs/step6_two_way_reaction/particles_J.npy,outputs,.npy,16512,0.0157470703125,False
outputs/step6_two_way_reaction/particles_v.npy,outputs,.npy,49280,0.0469970703125,False
outputs/step6_two_way_reaction/particles_x.npy,outputs,.npy,49280,0.0469970703125,False
outputs/step7_beta_sweep/beta_sweep_results.csv,outputs,.csv,1004,0.000957489013671875,False
outputs/step7_beta_sweep/beta_sweep_results.npz,outputs,.npz,2803,0.0026731491088867188,False
outputs/step7_beta_sweep/geo_beta_1e-03.dat,outputs,.dat,98304,0.09375,False
outputs/step7_beta_sweep/geo_beta_3e-03.dat,outputs,.dat,98304,0.09375,False
outputs/step7_beta_sweep/geo_beta_3e-04.dat,outputs,.dat,98304,0.09375,False
outputs/step7_couette_like/LBMFluid_100.vtr,outputs,.vtr,2099810,2.002534866333008,False
outputs/step7_couette_like/diagnostics.npz,outputs,.npz,3478,0.0033168792724609375,False
outputs/step7_couette_like/geo_couette_like_32.dat,outputs,.dat,98304,0.09375,False
outputs/step7_couette_like/particles_F.npy,outputs,.npy,147584,0.1407470703125,False
outputs/step7_couette_like/particles_J.npy,outputs,.npy,16512,0.0157470703125,False
outputs/step7_couette_like/particles_v.npy,outputs,.npy,49280,0.0469970703125,False
outputs/step7_couette_like/particles_x.npy,outputs,.npy,49280,0.0469970703125,False
outputs/step7_couette_like/ux_profile_y.npy,outputs,.npy,256,0.000244140625,False
outputs/step7_long_stability/LBMFluid_100.vtr,outputs,.vtr,2099810,2.002534866333008,False
outputs/step7_long_stability/diagnostics_timeseries.npz,outputs,.npz,3718,0.0035457611083984375,False
outputs/step7_long_stability/geo_long_stability_32.dat,outputs,.dat,98304,0.09375,False
outputs/step7_long_stability/particles_F.npy,outputs,.npy,147584,0.1407470703125,False
outputs/step7_long_stability/particles_J.npy,outputs,.npy,16512,0.0157470703125,False
outputs/step7_long_stability/particles_v.npy,outputs,.npy,49280,0.0469970703125,False
outputs/step7_long_stability/particles_x.npy,outputs,.npy,49280,0.0469970703125,False
outputs/step7_momentum_impulse/LBMFluid_100.vtr,outputs,.vtr,2099810,2.002534866333008,False
outputs/step7_momentum_impulse/diagnostics_timeseries.npz,outputs,.npz,14494,0.013822555541992188,False
outputs/step7_momentum_impulse/geo_momentum_impulse_32.dat,outputs,.dat,98304,0.09375,False
outputs/step8_momentum_exchange/LBMFluid_500.vtr,outputs,.vtr,2099810,2.002534866333008,False
outputs/step8_momentum_exchange/geo_momentum_exchange_32.dat,outputs,.dat,98304,0.09375,False
outputs/step8_momentum_exchange/momentum_exchange_timeseries.npz,outputs,.npz,55578,0.05300331115722656,False
outputs/step8_prescribed_moving_wall/LBMFluid_1000.vtr,outputs,.vtr,2099810,2.002534866333008,False
outputs/step8_prescribed_moving_wall/diagnostics.npz,outputs,.npz,4222,0.0040264129638671875,False
outputs/step8_prescribed_moving_wall/geo_moving_wall_32.dat,outputs,.dat,98304,0.09375,False
outputs/step8_prescribed_moving_wall/ux_profile_y.npy,outputs,.npy,256,0.000244140625,False
outputs/step8_projected_mpm_boundary/LBMFluid_100.vtr,outputs,.vtr,2099810,2.002534866333008,False
outputs/step8_projected_mpm_boundary/diagnostics.npz,outputs,.npz,4432,0.0042266845703125,False
outputs/step8_projected_mpm_boundary/geo_all_fluid_32.dat,outputs,.dat,98304,0.09375,False
outputs/step8_projected_mpm_boundary/particles_F.npy,outputs,.npy,147584,0.1407470703125,False
outputs/step8_projected_mpm_boundary/particles_J.npy,outputs,.npy,16512,0.0157470703125,False
outputs/step8_projected_mpm_boundary/particles_v.npy,outputs,.npy,49280,0.0469970703125,False
outputs/step8_projected_mpm_boundary/particles_x.npy,outputs,.npy,49280,0.0469970703125,False
outputs/step8_projected_mpm_boundary/solid.npy,outputs,.npy,32896,0.0313720703125,False
outputs/step8_projected_mpm_boundary/solid_phi.npy,outputs,.npy,131200,0.1251220703125,False
outputs/step8_static_bounceback_regression/LBMMovingZero_100.vtr,outputs,.vtr,2099810,2.002534866333008,False
outputs/step8_static_bounceback_regression/LBMStatic_100.vtr,outputs,.vtr,2099810,2.002534866333008,False
outputs/step8_static_bounceback_regression/geo_y_walls_32.dat,outputs,.dat,98304,0.09375,False
outputs/step8_static_bounceback_regression/rho_difference.npy,outputs,.npy,131200,0.1251220703125,False
outputs/step8_static_bounceback_regression/velocity_difference.npy,outputs,.npy,393344,0.3751220703125,False
outputs/step9_compare_modes/comparison_results.csv,outputs,.csv,759,0.0007238388061523438,False
outputs/step9_compare_modes/comparison_results.npz,outputs,.npz,2950,0.0028133392333984375,False
outputs/step9_compare_modes/geo_moving_boundary_32.dat,outputs,.dat,98304,0.09375,False
outputs/step9_compare_modes/geo_penalty_32.dat,outputs,.dat,98304,0.09375,False
outputs/step9_mb_coupled_smoke/LBMFluid_20.vtr,outputs,.vtr,2099810,2.002534866333008,False
outputs/step9_mb_coupled_smoke/diagnostics_timeseries.npz,outputs,.npz,6184,0.00589752197265625,False
outputs/step9_mb_coupled_smoke/geo_all_fluid_32.dat,outputs,.dat,98304,0.09375,False
outputs/step9_mb_coupled_smoke/particles_F.npy,outputs,.npy,147584,0.1407470703125,False
outputs/step9_mb_coupled_smoke/particles_J.npy,outputs,.npy,16512,0.0157470703125,False
outputs/step9_mb_coupled_smoke/particles_v.npy,outputs,.npy,49280,0.0469970703125,False
outputs/step9_mb_coupled_smoke/particles_x.npy,outputs,.npy,49280,0.0469970703125,False
outputs/step9_mb_reaction_field/LBMFluid_0.vtr,outputs,.vtr,2099810,2.002534866333008,False
outputs/step9_mb_reaction_field/diagnostics.npz,outputs,.npz,3644,0.003475189208984375,False
outputs/step9_mb_reaction_field/geo_all_fluid_32.dat,outputs,.dat,98304,0.09375,False
outputs/step9_mb_reaction_field/grid_f_ext.npy,outputs,.npy,393344,0.3751220703125,False
outputs/step9_mb_reaction_field/hydro_force.npy,outputs,.npy,393344,0.3751220703125,False
outputs/step9_mb_two_way_reaction/diagnostics.npz,outputs,.npz,3152,0.0030059814453125,False
outputs/step9_mb_two_way_reaction/geo_all_fluid_32.dat,outputs,.dat,98304,0.09375,False
outputs/step9_mb_two_way_reaction/particles_F.npy,outputs,.npy,147584,0.1407470703125,False
outputs/step9_mb_two_way_reaction/particles_J.npy,outputs,.npy,16512,0.0157470703125,False
outputs/step9_mb_two_way_reaction/particles_v.npy,outputs,.npy,49280,0.0469970703125,False
outputs/step9_mb_two_way_reaction/particles_x.npy,outputs,.npy,49280,0.0469970703125,False
paper/figures/README.md,paper,.md,173,0.00016498565673828125,False
paper/technical_report_draft.md,paper,.md,5797,0.005528450012207031,False
